Price,NumberOfPersons,isCar,isTrain,isCoach,isPlane,Duration,Season,Accommodation
1164.0,5.0,1,0,0,0,14.0,3,6
684.0,2.0,1,0,0,0,7.0,2,6
399.0,6.0,1,0,0,0,3.0,10,6
949.0,4.0,1,0,0,0,7.0,3,2
499.0,4.0,1,0,0,0,3.0,9,6
745.0,3.0,1,0,0,0,7.0,2,2
1079.0,4.0,1,0,0,0,7.0,8,6
1658.0,2.0,1,0,0,0,7.0,4,4
1638.0,4.0,1,0,0,0,14.0,7,6
2985.0,3.0,1,0,0,0,14.0,3,4
1448.0,3.0,1,0,0,0,14.0,10,6
2072.0,3.0,1,0,0,0,7.0,3,4
978.0,2.0,1,0,0,0,7.0,9,3
1658.0,2.0,1,0,0,0,7.0,2,4
978.0,3.0,1,0,0,0,7.0,8,3
3448.0,2.0,1,0,0,0,10.0,1,3
798.0,3.0,1,0,0,0,7.0,7,2
3188.0,2.0,1,0,0,0,14.0,3,3
1568.0,2.0,1,0,0,0,14.0,6,2
2468.0,2.0,0,0,0,1,7.0,9,5
484.0,2.0,1,0,0,0,7.0,9,6
3768.0,2.0,1,0,0,0,14.0,6,5
699.0,4.0,1,0,0,0,7.0,8,6
1888.0,3.0,0,1,0,0,7.0,8,5
729.0,6.0,1,0,0,0,7.0,7,6
1888.0,2.0,1,0,0,0,7.0,7,5
684.0,4.0,1,0,0,0,7.0,6,6
1172.0,3.0,1,0,0,0,7.0,6,3
1518.0,2.0,1,0,0,0,7.0,7,5
1868.0,2.0,1,0,0,0,14.0,10,3
1798.0,2.0,1,0,0,0,7.0,8,5
1501.0,4.0,1,0,0,0,7.0,9,3
2627.0,3.0,1,0,0,0,14.0,10,4
1072.0,3.0,1,0,0,0,7.0,8,3
2127.0,4.0,1,0,0,0,7.0,9,4
948.0,2.0,0,1,0,0,14.0,7,2
2322.0,3.0,1,0,0,0,14.0,8,4
478.0,2.0,1,0,0,0,7.0,6,2
1538.0,3.0,1,0,0,0,14.0,7,4
2038.0,2.0,1,0,0,0,21.0,6,3
2608.0,2.0,0,0,0,1,7.0,6,5
1269.0,1.0,0,0,0,1,14.0,8,3
2658.0,2.0,0,0,0,1,7.0,6,3
2308.0,2.0,0,0,0,1,7.0,5,3
1154.0,1.0,0,0,0,1,7.0,11,3
1898.0,2.0,0,0,0,1,7.0,10,3
2158.0,2.0,0,0,0,1,14.0,7,3
1898.0,2.0,0,0,0,1,7.0,6,3
1978.0,2.0,0,0,0,1,7.0,5,3
3738.0,2.0,0,0,0,1,14.0,11,4
718.0,2.0,1,0,0,0,7.0,10,3
837.0,4.0,1,0,0,0,7.0,9,3
1572.0,3.0,1,0,0,0,14.0,8,3
418.0,2.0,1,0,0,0,7.0,7,2
778.0,2.0,1,0,0,0,14.0,6,2
579.0,4.0,1,0,0,0,7.0,10,6
829.0,6.0,1,0,0,0,7.0,9,6
1358.0,3.0,1,0,0,0,14.0,8,6
1073.0,2.0,1,0,0,0,14.0,7,6
559.0,3.0,1,0,0,0,7.0,6,6
1149.0,6.0,1,0,0,0,7.0,10,6
1858.0,3.0,1,0,0,0,14.0,9,6
779.0,4.0,1,0,0,0,7.0,8,6
1049.0,6.0,1,0,0,0,7.0,7,6
499.0,4.0,1,0,0,0,7.0,6,6
2572.0,3.0,1,0,0,0,14.0,8,3
1698.0,2.0,1,0,0,0,14.0,6,3
1058.0,2.0,1,0,0,0,7.0,7,3
1247.0,3.0,1,0,0,0,7.0,8,3
1326.0,5.0,1,0,0,0,7.0,9,3
4638.0,2.0,0,0,0,1,21.0,5,4
2649.0,3.0,0,0,0,1,7.0,8,4
2458.0,2.0,0,0,0,1,14.0,7,4
3318.0,2.0,0,0,0,1,14.0,11,3
3158.0,2.0,0,0,0,1,14.0,10,3
3195.0,3.0,0,0,0,1,7.0,8,3
2778.0,2.0,0,0,0,1,14.0,7,2
3066.0,3.0,0,0,0,1,21.0,6,2
2498.0,2.0,0,0,0,1,14.0,5,2
1498.0,2.0,1,0,0,0,14.0,10,3
889.0,8.0,1,0,0,0,7.0,3,6
1438.0,2.0,1,0,0,0,21.0,9,2
509.0,4.0,1,0,0,0,7.0,4,6
1472.0,3.0,1,0,0,0,14.0,8,2
629.0,6.0,1,0,0,0,7.0,2,6
538.0,3.0,1,0,0,0,7.0,7,2
629.0,4.0,1,0,0,0,7.0,3,6
1008.0,2.0,1,0,0,0,14.0,6,2
1278.0,4.0,1,0,0,0,14.0,0,6
3278.0,2.0,0,0,0,1,14.0,6,4
639.0,5.0,1,0,0,0,7.0,4,6
4391.0,3.0,0,0,0,1,14.0,9,4
639.0,4.0,1,0,0,0,7.0,3,6
3267.0,4.0,0,0,0,1,7.0,8,4
439.0,4.0,1,0,0,0,4.0,2,6
3978.0,2.0,0,0,0,1,21.0,7,4
699.0,3.0,1,0,0,0,7.0,1,6
4147.0,3.0,0,0,0,1,14.0,9,4
699.0,2.0,1,0,0,0,7.0,0,6
3518.0,2.0,0,0,0,1,21.0,6,3
619.0,6.0,1,0,0,0,4.0,4,6
3078.0,2.0,0,0,0,1,14.0,10,3
919.0,8.0,1,0,0,0,7.0,0,6
4729.0,3.0,0,0,0,1,21.0,8,3
649.0,4.0,1,0,0,0,7.0,4,6
4476.0,4.0,0,0,0,1,14.0,9,3
499.0,4.0,1,0,0,0,3.0,1,6
3637.0,3.0,0,0,0,1,14.0,8,3
959.0,5.0,1,0,0,0,7.0,3,6
2039.0,1.0,0,0,0,1,21.0,10,3
1338.0,4.0,1,0,0,0,14.0,2,6
1598.0,2.0,0,0,0,1,14.0,7,2
339.0,5.0,1,0,0,0,4.0,3,6
1539.0,1.0,0,0,0,1,14.0,9,2
649.0,6.0,1,0,0,0,7.0,0,6
4078.0,2.0,0,0,0,1,21.0,8,2
849.0,3.0,1,0,0,0,7.0,3,6
2039.0,1.0,0,0,0,1,21.0,10,2
369.0,4.0,1,0,0,0,4.0,1,6
1574.0,4.0,1,0,0,0,7.0,3,6
589.0,4.0,1,0,0,0,7.0,2,6
589.0,4.0,1,0,0,0,7.0,1,6
1728.0,6.0,1,0,0,0,14.0,2,6
1094.0,5.0,1,0,0,0,7.0,3,6
559.0,4.0,1,0,0,0,7.0,6,6
719.0,6.0,1,0,0,0,7.0,2,6
1398.0,4.0,1,0,0,0,14.0,10,6
879.0,8.0,1,0,0,0,7.0,1,6
769.0,6.0,1,0,0,0,7.0,9,6
649.0,4.0,1,0,0,0,7.0,0,6
319.0,3.0,1,0,0,0,7.0,8,6
394.0,6.0,1,0,0,0,4.0,2,6
439.0,4.0,1,0,0,0,7.0,7,6
314.0,2.0,1,0,0,0,3.0,0,6
2888.0,2.0,1,0,0,0,14.0,7,4
1068.0,4.0,1,0,0,0,14.0,4,6
1997.0,4.0,1,0,0,0,7.0,10,4
434.0,2.0,1,0,0,0,7.0,0,6
2658.0,2.0,1,0,0,0,14.0,8,4
739.0,4.0,1,0,0,0,14.0,3,6
1479.0,3.0,1,0,0,0,7.0,7,4
434.0,3.0,1,0,0,0,7.0,1,6
798.0,2.0,1,0,0,0,7.0,8,3
434.0,2.0,1,0,0,0,7.0,0,6
1339.0,4.0,1,0,0,0,7.0,4,6
1014.0,4.0,1,0,0,0,7.0,3,6
3368.0,5.0,1,0,0,0,14.0,2,6
764.0,4.0,1,0,0,0,7.0,1,6
824.0,6.0,1,0,0,0,7.0,2,6
1654.0,5.0,1,0,0,0,7.0,3,6
844.0,4.0,1,0,0,0,7.0,4,6
1624.0,5.0,1,0,0,0,7.0,3,6
624.0,4.0,1,0,0,0,7.0,2,6
624.0,4.0,1,0,0,0,7.0,1,6
1528.0,2.0,1,0,0,0,14.0,9,3
1498.0,7.0,1,0,0,0,14.0,10,6
718.0,2.0,1,0,0,0,7.0,10,3
279.0,2.0,1,0,0,0,7.0,7,6
1499.0,3.0,1,0,0,0,14.0,8,3
658.0,3.0,1,0,0,0,14.0,6,6
822.0,3.0,1,0,0,0,7.0,6,2
798.0,2.0,1,0,0,0,14.0,9,6
1258.0,2.0,1,0,0,0,14.0,7,2
759.0,5.0,1,0,0,0,7.0,8,6
1588.0,2.0,1,0,0,0,14.0,8,6
879.0,9.0,1,0,0,0,7.0,7,6
529.0,4.0,1,0,0,0,7.0,7,6
2758.0,2.0,1,0,0,0,14.0,7,4
1088.0,6.0,1,0,0,0,14.0,6,6
2758.0,3.0,1,0,0,0,14.0,8,4
429.0,6.0,1,0,0,0,7.0,7,6
2447.0,3.0,1,0,0,0,21.0,9,3
1738.0,3.0,1,0,0,0,14.0,8,6
3537.0,4.0,1,0,0,0,14.0,8,3
483.0,4.0,1,0,0,0,7.0,3,6
483.0,3.0,1,0,0,0,7.0,2,6
774.0,4.0,1,0,0,0,9.0,1,6
483.0,4.0,1,0,0,0,7.0,2,6
855.0,4.0,1,0,0,0,14.0,4,6
389.0,4.0,1,0,0,0,7.0,3,6
924.0,4.0,1,0,0,0,9.0,1,6
389.0,3.0,1,0,0,0,7.0,2,6
389.0,4.0,1,0,0,0,7.0,4,6
389.0,3.0,1,0,0,0,7.0,3,6
2879.0,3.0,0,0,0,1,14.0,10,4
2898.0,2.0,0,0,0,1,14.0,9,4
2228.0,2.0,0,0,0,1,7.0,7,4
1888.0,2.0,0,0,0,1,14.0,6,4
4773.0,4.0,0,0,0,1,14.0,8,4
2808.0,2.0,0,0,0,1,14.0,7,4
2964.0,3.0,0,0,0,1,14.0,10,3
2258.0,2.0,0,0,0,1,14.0,6,3
2768.0,2.0,0,0,0,1,21.0,7,3
3203.0,3.0,0,0,0,1,14.0,9,3
3464.0,4.0,0,0,0,1,7.0,8,3
4114.0,3.0,0,0,0,1,14.0,7,3
2637.0,3.0,0,0,0,1,14.0,10,2
2058.0,2.0,0,0,0,1,14.0,6,2
1778.0,2.0,0,0,0,1,14.0,7,2
2778.0,3.0,0,0,0,1,14.0,8,2
2498.0,2.0,0,0,0,1,14.0,11,4
2898.0,2.0,0,0,0,1,14.0,6,4
3258.0,3.0,0,0,0,1,14.0,10,4
3325.0,3.0,0,0,0,1,7.0,8,4
3258.0,2.0,0,0,0,1,14.0,7,4
2698.0,2.0,0,0,0,1,14.0,6,3
3058.0,2.0,0,0,0,1,14.0,10,3
3891.0,3.0,0,0,0,1,21.0,7,3
2258.0,2.0,0,0,0,1,7.0,9,3
2738.0,2.0,0,0,0,1,14.0,7,3
2838.0,2.0,0,0,0,1,14.0,8,3
4107.0,4.0,0,0,0,1,14.0,9,3
3160.0,3.0,0,0,0,1,21.0,10,2
2941.0,3.0,0,0,0,1,14.0,8,2
1968.0,2.0,0,0,0,1,7.0,6,3
2791.0,3.0,0,0,0,1,14.0,8,3
3553.0,4.0,0,0,0,1,14.0,9,3
2263.0,3.0,0,0,0,1,7.0,8,3
2428.0,2.0,0,0,0,1,21.0,7,2
2263.0,3.0,0,0,0,1,14.0,6,2
3038.0,2.0,0,0,0,1,14.0,6,4
4463.0,3.0,0,0,0,1,21.0,7,4
4068.0,3.0,0,0,0,1,14.0,9,4
6609.0,3.0,0,0,0,1,21.0,8,4
2298.0,2.0,0,0,0,1,14.0,7,2
2918.0,2.0,0,0,0,1,14.0,7,4
3010.0,3.0,0,0,0,1,7.0,8,4
4313.0,4.0,0,0,0,1,14.0,9,4
3278.0,2.0,0,0,0,1,21.0,6,3
2878.0,2.0,0,0,0,1,14.0,10,3
2412.0,3.0,0,0,0,1,7.0,9,3
3171.0,3.0,0,0,0,1,14.0,8,3
1958.0,2.0,0,0,0,1,14.0,7,2
2878.0,2.0,0,0,0,1,14.0,6,4
2298.0,2.0,0,0,0,1,7.0,6,4
3198.0,2.0,0,0,0,1,14.0,7,4
2758.0,2.0,0,0,0,1,14.0,7,3
3038.0,2.0,0,0,0,1,14.0,10,3
3175.0,4.0,0,0,0,1,7.0,8,3
3847.0,3.0,0,0,0,1,14.0,9,3
4198.0,2.0,0,0,0,1,21.0,7,3
3498.0,2.0,0,0,0,1,14.0,10,3
2825.0,4.0,0,0,0,1,7.0,9,2
2417.0,3.0,0,0,0,1,14.0,8,2
2758.0,2.0,0,0,0,1,14.0,9,3
3065.0,3.0,0,0,0,1,7.0,8,3
2578.0,2.0,0,0,0,1,14.0,10,3
4770.0,4.0,0,0,0,1,21.0,9,3
2483.0,3.0,0,0,0,1,14.0,8,2
2178.0,2.0,0,0,0,1,14.0,7,2
698.0,2.0,0,1,0,0,7.0,10,3
1185.0,3.0,0,1,0,0,7.0,9,3
2274.0,4.0,0,0,1,0,14.0,7,2
807.0,3.0,0,0,1,0,7.0,6,2
2498.0,2.0,0,0,0,1,14.0,7,2
2043.0,3.0,0,0,0,1,7.0,6,4
3038.0,2.0,0,0,0,1,14.0,10,4
3418.0,2.0,0,0,0,1,21.0,7,4
2158.0,2.0,0,0,0,1,7.0,8,4
3198.0,3.0,0,0,0,1,14.0,9,3
3758.0,2.0,0,0,0,1,21.0,7,3
3198.0,2.0,0,0,0,1,14.0,10,3
3078.0,2.0,0,0,0,1,14.0,8,3
3649.0,3.0,0,0,0,1,21.0,10,3
1806.0,3.0,1,0,0,0,14.0,10,3
698.0,2.0,1,0,0,0,7.0,7,3
1498.0,2.0,1,0,0,0,14.0,6,3
938.0,2.0,1,0,0,0,7.0,7,3
678.0,3.0,1,0,0,0,7.0,8,2
798.0,2.0,1,0,0,0,7.0,9,2
1138.0,2.0,1,0,0,0,14.0,10,2
1698.0,3.0,1,0,0,0,14.0,9,2
1118.0,4.0,1,0,0,0,7.0,8,2
858.0,2.0,1,0,0,0,7.0,7,2
2698.0,2.0,0,0,0,1,14.0,7,3
2779.0,3.0,0,0,0,1,7.0,9,3
3793.0,3.0,0,0,0,1,14.0,9,3
3258.0,2.0,0,0,0,1,21.0,10,3
3644.0,4.0,0,0,0,1,14.0,8,2
2831.0,3.0,0,0,0,1,14.0,7,2
2738.0,2.0,0,0,0,1,21.0,11,4
3038.0,2.0,0,0,0,1,14.0,10,4
3258.0,2.0,0,0,0,1,21.0,6,4
5329.0,4.0,0,0,0,1,14.0,8,4
3318.0,2.0,0,0,0,1,14.0,7,4
3299.0,3.0,0,0,0,1,7.0,9,4
3718.0,3.0,0,0,0,1,14.0,8,4
2398.0,2.0,0,0,0,1,14.0,7,3
2898.0,2.0,0,0,0,1,21.0,10,3
2358.0,2.0,0,0,0,1,14.0,6,3
2427.0,3.0,0,0,0,1,7.0,8,3
2538.0,2.0,0,0,0,1,14.0,7,3
2898.0,2.0,0,0,0,1,21.0,10,3
4673.0,4.0,0,0,0,1,14.0,9,3
2787.0,3.0,0,0,0,1,14.0,8,2
3378.0,2.0,0,0,0,1,21.0,6,4
3215.0,3.0,0,0,0,1,14.0,9,3
1169.0,1.0,0,0,0,1,14.0,10,3
2258.0,2.0,0,0,0,1,7.0,7,4
2742.0,3.0,0,0,0,1,14.0,8,2
3458.0,2.0,0,0,0,1,21.0,9,3
3658.0,2.0,0,0,0,1,14.0,8,4
1149.0,1.0,0,0,0,1,14.0,7,2
3216.0,4.0,0,0,0,1,7.0,9,3
4002.0,3.0,0,0,0,1,21.0,10,4
649.0,3.0,1,0,0,0,7.0,8,6
3215.0,3.0,0,0,0,1,14.0,8,3
789.0,5.0,1,0,0,0,7.0,10,6
2518.0,2.0,0,0,0,1,14.0,7,3
1229.0,2.0,1,0,0,0,7.0,9,6
3129.0,4.0,0,0,0,1,7.0,10,3
2324.0,12.0,1,0,0,0,7.0,8,6
2038.0,2.0,0,0,0,1,14.0,5,2
1039.0,8.0,1,0,0,0,7.0,7,6
3485.0,3.0,0,0,0,1,14.0,6,4
678.0,4.0,1,0,0,0,14.0,10,6
1797.0,4.0,1,0,0,0,21.0,7,6
1039.0,6.0,1,0,0,0,7.0,8,6
1258.0,4.0,1,0,0,0,14.0,9,6
539.0,4.0,1,0,0,0,14.0,7,6
2108.0,5.0,1,0,0,0,14.0,8,6
1014.0,10.0,1,0,0,0,7.0,6,6
1268.0,4.0,1,0,0,0,14.0,7,6
3222.0,3.0,1,0,0,0,14.0,8,4
889.0,4.0,1,0,0,0,7.0,8,6
1058.0,2.0,1,0,0,0,7.0,9,4
1219.0,6.0,1,0,0,0,7.0,9,6
2800.0,3.0,1,0,0,0,14.0,8,3
519.0,4.0,1,0,0,0,7.0,10,6
1317.0,4.0,1,0,0,0,7.0,9,2
1064.0,5.0,1,0,0,0,7.0,9,6
1958.0,6.0,1,0,0,0,14.0,9,6
1549.0,7.0,1,0,0,0,7.0,8,6
1298.0,4.0,1,0,0,0,14.0,8,6
689.0,4.0,1,0,0,0,7.0,7,6
858.0,3.0,1,0,0,0,14.0,7,6
1618.0,4.0,1,0,0,0,14.0,8,6
629.0,2.0,1,0,0,0,7.0,10,6
1418.0,2.0,1,0,0,0,14.0,9,6
1184.0,4.0,1,0,0,0,7.0,9,6
809.0,4.0,1,0,0,0,7.0,9,6
519.0,4.0,1,0,0,0,7.0,8,6
709.0,2.0,1,0,0,0,7.0,8,6
779.0,6.0,1,0,0,0,7.0,7,6
659.0,4.0,1,0,0,0,7.0,7,6
729.0,3.0,1,0,0,0,7.0,6,6
2578.0,2.0,0,0,0,1,14.0,6,3
908.0,2.0,1,0,0,0,14.0,8,6
634.0,1.0,0,0,0,1,7.0,5,2
738.0,6.0,1,0,0,0,14.0,6,6
2038.0,2.0,0,0,0,1,14.0,7,2
1303.0,4.0,1,0,0,0,14.0,7,6
5678.0,3.0,0,0,0,1,21.0,9,3
2718.0,2.0,0,0,0,1,14.0,10,3
858.0,3.0,1,0,0,0,14.0,10,6
3298.0,2.0,0,0,0,1,14.0,7,3
529.0,4.0,1,0,0,0,7.0,9,6
5659.0,3.0,0,0,0,1,21.0,8,3
779.0,6.0,1,0,0,0,7.0,8,6
2539.0,2.0,0,0,0,1,14.0,10,3
799.0,3.0,1,0,0,0,7.0,7,6
3459.0,3.0,0,0,0,1,14.0,9,3
839.0,2.0,1,0,0,0,7.0,10,6
799.0,4.0,1,0,0,0,7.0,9,6
3522.0,4.0,0,0,0,1,7.0,8,2
1898.0,2.0,0,0,0,1,7.0,9,2
989.0,6.0,1,0,0,0,7.0,8,6
2249.0,3.0,0,0,0,1,21.0,7,2
494.0,2.0,1,0,0,0,7.0,7,6
5269.0,4.0,0,0,0,1,14.0,8,2
764.0,3.0,1,0,0,0,7.0,6,6
2469.0,3.0,0,0,0,1,14.0,7,1
938.0,4.0,1,0,0,0,14.0,10,6
1539.0,2.0,0,0,0,1,14.0,6,1
789.0,4.0,1,0,0,0,7.0,9,6
1838.0,3.0,1,0,0,0,14.0,8,6
799.0,6.0,1,0,0,0,7.0,8,6
449.0,2.0,0,1,0,0,7.0,7,6
639.0,6.0,1,0,0,0,7.0,7,6
589.0,6.0,1,0,0,0,7.0,6,6
1178.0,6.0,1,0,0,0,14.0,10,6
1598.0,4.0,1,0,0,0,14.0,10,6
1318.0,4.0,1,0,0,0,14.0,9,6
1538.0,4.0,1,0,0,0,14.0,8,6
1578.0,4.0,1,0,0,0,14.0,7,6
779.0,4.0,1,0,0,0,7.0,8,6
649.0,6.0,1,0,0,0,7.0,9,6
989.0,6.0,1,0,0,0,7.0,11,6
539.0,4.0,1,0,0,0,7.0,10,6
519.0,5.0,1,0,0,0,7.0,9,6
799.0,6.0,1,0,0,0,7.0,8,6
469.0,4.0,1,0,0,0,7.0,7,6
3897.0,3.0,0,0,0,1,7.0,8,4
3989.0,2.0,0,0,0,1,14.0,7,4
5225.0,4.0,0,0,0,1,14.0,9,4
2922.0,3.0,0,0,0,1,7.0,8,4
3318.0,2.0,0,0,0,1,14.0,11,3
4318.0,2.0,0,0,0,1,21.0,6,3
4438.0,2.0,0,0,0,1,21.0,10,3
3598.0,2.0,0,0,0,1,14.0,9,3
4452.0,3.0,0,0,0,1,21.0,10,3
4091.0,4.0,0,0,0,1,7.0,8,3
3238.0,2.0,0,0,0,1,14.0,7,3
3518.0,2.0,0,0,0,1,14.0,10,2
4126.0,3.0,0,0,0,1,21.0,9,2
1147.0,3.0,1,0,0,0,7.0,2,4
3440.0,3.0,0,0,0,1,14.0,8,2
1348.0,2.0,1,0,0,0,7.0,1,4
3518.0,2.0,0,0,0,1,14.0,7,2
998.0,3.0,1,0,0,0,7.0,3,3
4533.0,4.0,0,0,0,1,14.0,9,4
798.0,2.0,1,0,0,0,7.0,2,3
3642.0,3.0,0,0,0,1,14.0,8,4
998.0,3.0,1,0,0,0,7.0,1,3
2158.0,2.0,0,0,0,1,7.0,11,3
799.0,3.0,1,0,0,0,10.0,1,6
3078.0,2.0,0,0,0,1,14.0,5,3
439.0,2.0,1,0,0,0,7.0,2,6
2678.0,2.0,0,0,0,1,7.0,8,3
984.0,6.0,1,0,0,0,7.0,3,6
3958.0,2.0,0,0,0,1,21.0,6,3
854.0,4.0,1,0,0,0,7.0,4,6
4885.0,3.0,0,0,0,1,14.0,7,3
1568.0,4.0,1,0,0,0,14.0,3,6
3758.0,2.0,0,0,0,1,14.0,10,3
424.0,4.0,1,0,0,0,7.0,2,6
4253.0,4.0,0,0,0,1,7.0,8,3
459.0,3.0,1,0,0,0,8.0,1,6
2998.0,2.0,0,0,0,1,14.0,7,3
624.0,3.0,1,0,0,0,7.0,2,6
3398.0,2.0,0,0,0,1,14.0,9,3
879.0,4.0,1,0,0,0,7.0,3,6
3271.0,3.0,0,0,0,1,21.0,10,3
1188.0,2.0,1,0,0,0,14.0,4,6
2371.0,3.0,0,0,0,1,7.0,8,2
745.0,6.0,1,0,0,0,7.0,3,6
2562.0,3.0,0,0,0,1,14.0,7,2
645.0,8.0,1,0,0,0,7.0,2,6
2518.0,2.0,0,0,0,1,14.0,6,2
530.0,4.0,1,0,0,0,7.0,1,6
1538.0,4.0,1,0,0,0,14.0,8,6
688.0,2.0,1,0,0,0,7.0,2,2
789.0,7.0,1,0,0,0,7.0,7,6
1587.0,4.0,1,0,0,0,7.0,3,2
688.0,2.0,1,0,0,0,14.0,10,6
1058.0,3.0,1,0,0,0,14.0,4,2
599.0,5.0,1,0,0,0,7.0,9,6
2937.0,4.0,1,0,0,0,7.0,3,5
494.0,3.0,1,0,0,0,7.0,8,6
2447.0,3.0,1,0,0,0,7.0,2,5
849.0,6.0,1,0,0,0,7.0,7,6
2248.0,2.0,1,0,0,0,7.0,1,5
729.0,5.0,1,0,0,0,7.0,6,6
1822.0,3.0,1,0,0,0,7.0,2,3
728.0,2.0,1,0,0,0,14.0,7,6
1458.0,2.0,1,0,0,0,7.0,3,3
838.0,3.0,1,0,0,0,14.0,8,6
1822.0,3.0,1,0,0,0,14.0,4,3
789.0,6.0,1,0,0,0,7.0,9,6
2428.0,3.0,1,0,0,0,7.0,3,5
484.0,2.0,1,0,0,0,7.0,10,6
1868.0,2.0,1,0,0,0,7.0,2,5
609.0,5.0,1,0,0,0,7.0,9,6
4332.0,4.0,1,0,0,0,7.0,1,5
539.0,4.0,1,0,0,0,7.0,8,6
664.0,4.0,1,0,0,0,7.0,3,6
654.0,5.0,1,0,0,0,7.0,7,6
579.0,6.0,1,0,0,0,7.0,4,6
449.0,3.0,1,0,0,0,7.0,6,6
1108.0,4.0,1,0,0,0,14.0,2,6
3098.0,3.0,1,0,0,0,14.0,9,5
974.0,3.0,1,0,0,0,7.0,3,6
1847.0,3.0,1,0,0,0,7.0,8,5
974.0,5.0,1,0,0,0,7.0,4,6
1198.0,2.0,1,0,0,0,7.0,10,5
718.0,2.0,1,0,0,0,7.0,3,1
1571.0,5.0,1,0,0,0,7.0,9,4
892.0,4.0,1,0,0,0,7.0,2,1
3267.0,4.0,1,0,0,0,14.0,8,4
1180.0,3.0,1,0,0,0,14.0,3,1
738.0,2.0,1,0,0,0,7.0,6,4
458.0,2.0,1,0,0,0,7.0,4,1
818.0,2.0,1,0,0,0,7.0,7,3
1096.0,4.0,1,0,0,0,7.0,3,1
488.0,2.0,1,0,0,0,7.0,2,1
1047.0,3.0,1,0,0,0,7.0,3,2
698.0,2.0,1,0,0,0,7.0,4,2
458.0,2.0,1,0,0,0,7.0,2,1
897.0,3.0,1,0,0,0,14.0,3,1
638.0,2.0,1,0,0,0,7.0,4,2
1596.0,4.0,1,0,0,0,7.0,3,2
1737.0,3.0,1,0,0,0,14.0,2,3
998.0,2.0,1,0,0,0,7.0,4,3
1737.0,3.0,1,0,0,0,7.0,3,3
1372.0,3.0,1,0,0,0,7.0,3,3
698.0,2.0,1,0,0,0,7.0,2,3
798.0,2.0,1,0,0,0,14.0,4,3
1414.0,3.0,1,0,0,0,7.0,3,3
1152.0,4.0,1,0,0,0,7.0,2,3
888.0,2.0,1,0,0,0,7.0,4,1
1272.0,3.0,1,0,0,0,7.0,3,1
1497.0,3.0,1,0,0,0,7.0,3,2
748.0,2.0,1,0,0,0,7.0,2,2
1795.0,5.0,1,0,0,0,7.0,2,2
2334.0,6.0,1,0,0,0,14.0,3,2
2036.0,4.0,1,0,0,0,7.0,3,2
1257.0,3.0,1,0,0,0,14.0,4,2
1198.0,2.0,1,0,0,0,7.0,4,3
2097.0,3.0,1,0,0,0,7.0,3,3
1816.0,4.0,1,0,0,0,7.0,3,3
598.0,2.0,1,0,0,0,7.0,2,3
1048.0,2.0,1,0,0,0,7.0,4,3
3777.0,3.0,1,0,0,0,14.0,3,3
1738.0,2.0,1,0,0,0,7.0,3,3
2678.0,4.0,1,0,0,0,14.0,9,6
599.0,2.0,1,0,0,0,14.0,10,6
484.0,3.0,1,0,0,0,7.0,9,6
869.0,5.0,1,0,0,0,7.0,8,6
2222.0,4.0,1,0,0,0,14.0,8,2
747.0,3.0,1,0,0,0,7.0,10,2
1508.0,2.0,1,0,0,0,14.0,7,2
648.0,2.0,1,0,0,0,7.0,5,2
622.0,3.0,1,0,0,0,7.0,9,1
1178.0,2.0,1,0,0,0,14.0,8,1
1572.0,3.0,1,0,0,0,7.0,2,3
1098.0,2.0,1,0,0,0,7.0,4,3
1028.0,2.0,1,0,0,0,14.0,3,3
1647.0,3.0,1,0,0,0,7.0,3,2
858.0,2.0,1,0,0,0,7.0,2,2
1276.0,4.0,1,0,0,0,7.0,2,2
638.0,2.0,1,0,0,0,7.0,4,2
987.0,3.0,1,0,0,0,7.0,3,2
329.0,2.0,1,0,0,0,7.0,3,2
1962.0,4.0,1,0,0,0,14.0,3,2
1078.0,2.0,1,0,0,0,14.0,7,6
599.0,4.0,1,0,0,0,7.0,10,6
1099.0,3.0,1,0,0,0,7.0,9,6
928.0,2.0,1,0,0,0,14.0,7,6
884.0,6.0,1,0,0,0,7.0,8,6
579.0,3.0,1,0,0,0,7.0,10,6
624.0,2.0,1,0,0,0,7.0,9,6
479.0,6.0,1,0,0,0,7.0,8,6
1398.0,5.0,1,0,0,0,14.0,7,6
798.0,4.0,1,0,0,0,14.0,6,6
319.0,2.0,1,0,0,0,7.0,2,2
687.0,3.0,1,0,0,0,7.0,4,2
478.0,2.0,1,0,0,0,7.0,3,2
898.0,2.0,1,0,0,0,14.0,2,2
807.0,4.0,1,0,0,0,7.0,4,2
558.0,2.0,1,0,0,0,7.0,3,2
1602.0,3.0,1,0,0,0,14.0,2,2
1076.0,4.0,1,0,0,0,7.0,3,3
822.0,3.0,1,0,0,0,7.0,3,3
538.0,2.0,1,0,0,0,7.0,2,3
3678.0,3.0,1,0,0,0,14.0,8,4
3138.0,2.0,1,0,0,0,21.0,6,4
2118.0,2.0,1,0,0,0,14.0,10,4
5497.0,3.0,1,0,0,0,21.0,8,3
2897.0,3.0,1,0,0,0,14.0,7,3
1098.0,2.0,1,0,0,0,7.0,10,3
2897.0,3.0,1,0,0,0,14.0,9,3
1593.0,4.0,1,0,0,0,7.0,8,2
1838.0,2.0,1,0,0,0,14.0,7,2
1608.0,2.0,1,0,0,0,14.0,6,2
339.0,2.0,1,0,0,0,4.0,0,6
354.0,4.0,1,0,0,0,3.0,2,6
609.0,6.0,1,0,0,0,7.0,3,6
529.0,4.0,1,0,0,0,7.0,1,6
499.0,3.0,1,0,0,0,7.0,0,6
1089.0,6.0,1,0,0,0,7.0,4,6
849.0,4.0,1,0,0,0,7.0,2,6
1638.0,6.0,1,0,0,0,14.0,4,6
719.0,4.0,1,0,0,0,7.0,3,6
579.0,2.0,1,0,0,0,7.0,2,6
399.0,6.0,1,0,0,0,7.0,7,6
798.0,3.0,1,0,0,0,14.0,10,6
1359.0,8.0,1,0,0,0,7.0,9,6
998.0,4.0,1,0,0,0,14.0,7,6
1538.0,3.0,1,0,0,0,14.0,8,6
598.0,2.0,1,0,0,0,14.0,6,6
439.0,6.0,1,0,0,0,14.0,10,6
1139.0,5.0,1,0,0,0,7.0,9,6
699.0,4.0,1,0,0,0,7.0,8,6
679.0,6.0,1,0,0,0,7.0,7,6
1278.0,2.0,1,0,0,0,14.0,7,3
1349.0,4.0,1,0,0,0,7.0,9,3
1678.0,2.0,1,0,0,0,14.0,8,3
1758.0,2.0,1,0,0,0,21.0,6,2
1193.0,3.0,1,0,0,0,7.0,8,2
2311.0,3.0,1,0,0,0,14.0,9,2
1238.0,2.0,1,0,0,0,14.0,10,2
1547.0,4.0,1,0,0,0,14.0,9,2
1375.0,3.0,1,0,0,0,7.0,8,2
1438.0,2.0,1,0,0,0,14.0,7,2
705.0,6.0,0,0,1,0,3.0,10,6
735.0,4.0,0,0,1,0,4.0,7,6
485.0,2.0,0,0,1,0,3.0,6,6
2780.0,4.0,0,0,1,0,14.0,8,6
2468.0,2.0,0,0,1,0,14.0,10,6
1580.0,6.0,0,0,1,0,7.0,9,6
2760.0,4.0,0,1,0,0,14.0,8,6
1900.0,5.0,0,1,0,0,14.0,11,6
2620.0,4.0,0,1,0,0,14.0,7,6
790.0,2.0,0,1,0,0,7.0,6,6
3280.0,4.0,1,0,0,0,14.0,5,6
758.0,2.0,1,0,0,0,7.0,6,2
329.0,6.0,1,0,0,0,3.0,7,6
4810.0,3.0,0,0,0,1,21.0,6,4
539.0,4.0,1,0,0,0,3.0,6,6
5532.0,4.0,0,0,0,1,14.0,9,4
474.0,5.0,1,0,0,0,3.0,7,6
2488.0,2.0,0,0,0,1,7.0,7,4
514.0,5.0,0,0,1,0,7.0,7,6
4287.0,3.0,0,0,0,1,14.0,8,4
1198.0,3.0,0,1,0,0,14.0,10,6
4011.0,3.0,0,0,0,1,14.0,9,4
559.0,6.0,0,1,0,0,7.0,9,6
2178.0,2.0,0,0,0,1,7.0,11,3
1598.0,4.0,1,0,0,0,14.0,8,6
3278.0,2.0,0,0,0,1,21.0,7,3
1478.0,3.0,1,0,0,0,14.0,9,6
2068.0,2.0,0,0,0,1,7.0,6,3
649.0,5.0,1,0,0,0,7.0,8,6
2858.0,2.0,0,0,0,1,14.0,8,3
1408.0,6.0,1,0,0,0,14.0,7,6
3194.0,3.0,0,0,0,1,14.0,9,3
3297.0,6.0,1,0,0,0,21.0,8,6
2278.0,2.0,0,0,0,1,14.0,7,3
1888.0,6.0,1,0,0,0,14.0,10,6
3507.0,4.0,0,0,0,1,14.0,9,3
2628.0,6.0,1,0,0,0,14.0,9,6
3837.0,3.0,0,0,0,1,14.0,8,3
3732.0,5.0,1,0,0,0,21.0,8,6
2698.0,2.0,0,0,0,1,21.0,10,2
1808.0,5.0,1,0,0,0,14.0,7,6
3417.0,3.0,0,0,0,1,14.0,7,2
2248.0,2.0,1,0,0,0,21.0,8,6
1898.0,2.0,0,0,0,1,7.0,10,4
2738.0,2.0,1,0,0,0,14.0,10,6
2678.0,2.0,0,0,0,1,14.0,7,4
3878.0,6.0,1,0,0,0,14.0,9,6
3605.0,3.0,0,0,0,1,14.0,9,4
3282.0,2.0,1,0,0,0,21.0,8,6
3644.0,4.0,0,0,0,1,7.0,8,4
2458.0,3.0,1,0,0,0,14.0,7,6
1478.0,2.0,0,0,0,1,4.0,7,4
2457.0,8.0,1,0,0,0,21.0,10,6
3058.0,2.0,0,0,0,1,21.0,6,3
2388.0,4.0,1,0,0,0,14.0,9,6
2598.0,3.0,0,0,0,1,14.0,10,3
2048.0,7.0,1,0,0,0,14.0,8,6
1858.0,2.0,0,0,0,1,7.0,9,3
2592.0,6.0,1,0,0,0,21.0,7,6
3697.0,3.0,0,0,0,1,14.0,8,3
3208.0,8.0,1,0,0,0,14.0,9,6
1607.0,3.0,0,0,0,1,4.0,9,3
3297.0,6.0,1,0,0,0,21.0,8,6
3530.0,4.0,0,0,0,1,14.0,8,3
2298.0,7.0,1,0,0,0,14.0,10,6
2198.0,2.0,0,0,0,1,14.0,7,3
2398.0,8.0,1,0,0,0,14.0,9,6
1676.0,3.0,0,0,0,1,7.0,10,2
3582.0,6.0,1,0,0,0,21.0,8,6
1798.0,2.0,0,0,0,1,14.0,7,2
2068.0,4.0,1,0,0,0,14.0,7,6
1285.0,3.0,0,0,0,1,4.0,6,2
3098.0,2.0,0,0,0,1,14.0,10,4
2410.0,4.0,0,0,0,1,7.0,9,2
2298.0,2.0,0,0,0,1,7.0,7,4
1718.0,2.0,0,0,0,1,14.0,7,2
3498.0,2.0,0,0,0,1,14.0,8,4
2481.0,2.0,0,0,0,1,21.0,10,1
4925.0,4.0,0,0,0,1,14.0,9,4
2397.0,3.0,0,0,0,1,14.0,8,1
3958.0,2.0,0,0,0,1,21.0,10,4
1558.0,2.0,0,0,0,1,14.0,7,1
3869.0,3.0,0,0,0,1,14.0,8,4
2090.0,3.0,0,0,0,1,7.0,9,4
2478.0,2.0,0,0,0,1,14.0,11,3
4958.0,2.0,0,0,0,1,14.0,8,4
4364.0,3.0,0,0,0,1,21.0,8,3
4398.0,2.0,0,0,0,1,14.0,7,4
2758.0,2.0,0,0,0,1,14.0,7,3
3558.0,2.0,0,0,0,1,21.0,10,3
4832.0,4.0,0,0,0,1,14.0,8,3
3217.0,3.0,0,0,0,1,14.0,7,3
2343.0,3.0,0,0,0,1,7.0,9,3
3258.0,2.0,0,0,0,1,21.0,6,3
2878.0,2.0,0,0,0,1,14.0,8,3
2798.0,2.0,0,0,0,1,14.0,7,3
1995.0,3.0,0,0,0,1,7.0,8,2
2852.0,4.0,0,0,0,1,14.0,9,2
2427.0,3.0,0,0,0,1,14.0,8,2
2498.0,2.0,0,0,0,1,21.0,10,2
2078.0,2.0,0,0,0,1,14.0,7,2
3551.0,3.0,0,0,0,1,14.0,9,4
2848.0,2.0,0,0,0,1,14.0,6,4
3498.0,2.0,0,0,0,1,21.0,10,4
4252.0,3.0,0,0,0,1,14.0,8,4
3258.0,2.0,0,0,0,1,14.0,7,4
2508.0,2.0,0,0,0,1,7.0,9,3
3778.0,2.0,0,0,0,1,21.0,10,3
4261.0,3.0,0,0,0,1,14.0,9,3
2723.0,3.0,0,0,0,1,7.0,8,3
4100.0,3.0,0,0,0,1,21.0,7,3
598.0,2.0,1,0,0,0,7.0,4,2
2788.0,2.0,0,0,0,1,14.0,6,3
987.0,4.0,1,0,0,0,7.0,3,2
3177.0,4.0,0,0,0,1,14.0,9,2
785.0,3.0,1,0,0,0,7.0,1,2
2378.0,2.0,0,0,0,1,14.0,10,2
1294.0,2.0,1,0,0,0,14.0,2,2
3125.0,3.0,0,0,0,1,21.0,8,2
1977.0,4.0,1,0,0,0,7.0,3,4
2412.0,3.0,0,0,0,1,14.0,6,2
1647.0,3.0,1,0,0,0,7.0,4,4
3188.0,2.0,0,0,0,1,14.0,6,4
1138.0,2.0,1,0,0,0,7.0,2,4
4602.0,3.0,0,0,0,1,14.0,8,4
1773.0,3.0,1,0,0,0,14.0,0,3
3428.0,2.0,0,0,0,1,14.0,10,4
688.0,2.0,1,0,0,0,7.0,1,3
3188.0,2.0,0,0,0,1,7.0,7,4
883.0,2.0,1,0,0,0,7.0,2,2
2678.0,3.0,1,0,0,0,14.0,9,6
4458.0,7.0,1,0,0,0,14.0,8,6
1108.0,4.0,0,1,0,0,14.0,7,6
1198.0,4.0,1,0,0,0,14.0,6,6
449.0,4.0,0,1,0,0,7.0,11,6
799.0,6.0,1,0,0,0,7.0,10,6
1029.0,5.0,1,0,0,0,7.0,9,6
1089.0,5.0,1,0,0,0,7.0,8,6
829.0,7.0,1,0,0,0,7.0,7,6
479.0,3.0,1,0,0,0,7.0,6,6
6369.0,4.0,0,0,0,1,14.0,9,4
1104.0,3.0,1,0,0,0,7.0,3,2
5709.0,3.0,0,0,0,1,14.0,8,4
1368.0,2.0,1,0,0,0,7.0,4,3
7161.0,3.0,0,0,0,1,21.0,7,4
4092.0,4.0,1,0,0,0,14.0,3,3
3578.0,2.0,0,0,0,1,14.0,7,3
1178.0,2.0,1,0,0,0,7.0,2,3
3678.0,2.0,0,0,0,1,14.0,9,3
1672.0,3.0,1,0,0,0,7.0,1,3
2252.0,3.0,0,0,0,1,7.0,8,3
839.0,6.0,1,0,0,0,7.0,2,6
2598.0,2.0,0,0,0,1,14.0,10,3
989.0,4.0,1,0,0,0,7.0,3,6
3417.0,4.0,0,0,0,1,14.0,9,3
1033.0,5.0,1,0,0,0,14.0,4,6
6357.0,3.0,0,0,0,1,21.0,8,3
464.0,3.0,1,0,0,0,7.0,3,6
4402.0,3.0,0,0,0,1,14.0,7,3
599.0,4.0,1,0,0,0,7.0,2,6
519.0,2.0,1,0,0,0,7.0,5,6
2187.0,2.0,1,0,0,0,21.0,9,6
2878.0,8.0,1,0,0,0,14.0,8,6
1204.0,8.0,1,0,0,0,7.0,7,6
849.0,6.0,1,0,0,0,7.0,9,6
1938.0,6.0,1,0,0,0,14.0,8,6
838.0,5.0,1,0,0,0,14.0,7,6
1347.0,3.0,1,0,0,0,21.0,6,6
879.0,4.0,1,0,0,0,7.0,9,6
1289.0,5.0,1,0,0,0,7.0,8,6
3528.0,2.0,0,0,0,1,14.0,6,3
679.0,2.0,1,0,0,0,7.0,1,6
3912.0,4.0,1,0,0,0,14.0,8,4
549.0,6.0,1,0,0,0,7.0,2,6
3048.0,2.0,1,0,0,0,21.0,10,4
1098.0,2.0,1,0,0,0,7.0,9,4
1068.0,4.0,1,0,0,0,14.0,3,6
3737.0,3.0,1,0,0,0,14.0,9,4
2188.0,2.0,1,0,0,0,14.0,10,4
459.0,2.0,1,0,0,0,7.0,4,6
2418.0,2.0,1,0,0,0,14.0,7,4
1372.0,3.0,1,0,0,0,7.0,9,4
514.0,6.0,1,0,0,0,7.0,3,6
2186.0,3.0,1,0,0,0,7.0,8,4
2385.0,3.0,1,0,0,0,14.0,7,4
454.0,4.0,1,0,0,0,7.0,2,6
2360.0,3.0,1,0,0,0,14.0,6,3
958.0,2.0,1,0,0,0,7.0,8,4
688.0,2.0,1,0,0,0,6.0,1,2
2198.0,2.0,1,0,0,0,14.0,7,3
1580.0,4.0,0,1,0,0,7.0,9,4
897.0,3.0,1,0,0,0,7.0,2,2
1738.0,2.0,1,0,0,0,7.0,8,3
918.0,2.0,1,0,0,0,7.0,6,3
838.0,2.0,1,0,0,0,7.0,3,2
3099.0,3.0,1,0,0,0,14.0,8,3
1828.0,3.0,1,0,0,0,14.0,10,3
1257.0,4.0,1,0,0,0,7.0,4,2
2738.0,3.0,1,0,0,0,21.0,7,3
918.0,2.0,0,1,0,0,7.0,8,3
394.0,3.0,1,0,0,0,7.0,7,6
649.0,6.0,1,0,0,0,7.0,10,6
1698.0,4.0,1,0,0,0,14.0,9,6
4718.0,7.0,1,0,0,0,14.0,8,6
2078.0,4.0,1,0,0,0,14.0,7,6
858.0,4.0,1,0,0,0,14.0,6,6
574.0,4.0,1,0,0,0,7.0,9,6
1148.0,4.0,1,0,0,0,14.0,8,6
589.0,4.0,1,0,0,0,7.0,6,6
1128.0,4.0,0,1,0,0,14.0,7,6
6971.0,4.0,1,0,0,0,21.0,9,3
1260.0,3.0,1,0,0,0,14.0,3,3
2518.0,2.0,1,0,0,0,14.0,7,3
1008.0,2.0,1,0,0,0,7.0,2,3
1558.0,2.0,1,0,0,0,7.0,10,2
1828.0,2.0,1,0,0,0,14.0,6,3
1158.0,2.0,1,0,0,0,7.0,3,3
2696.0,3.0,1,0,0,0,21.0,9,2
758.0,3.0,1,0,0,0,7.0,10,2
2322.0,3.0,1,0,0,0,10.0,1,3
2550.0,3.0,1,0,0,0,14.0,8,2
1885.0,4.0,1,0,0,0,14.0,9,2
818.0,2.0,1,0,0,0,7.0,2,3
1998.0,2.0,1,0,0,0,14.0,7,2
758.0,3.0,1,0,0,0,7.0,8,2
1737.0,4.0,1,0,0,0,7.0,3,3
2038.0,8.0,1,0,0,0,14.0,10,6
758.0,2.0,1,0,0,0,7.0,7,2
2768.0,2.0,1,0,0,0,14.0,4,4
1798.0,4.0,1,0,0,0,14.0,8,6
944.0,8.0,1,0,0,0,7.0,9,6
1735.0,3.0,1,0,0,0,7.0,3,4
1038.0,4.0,1,0,0,0,14.0,7,6
1639.0,5.0,1,0,0,0,7.0,8,6
748.0,2.0,1,0,0,0,7.0,2,2
1259.0,3.0,1,0,0,0,7.0,9,6
779.0,2.0,1,0,0,0,7.0,7,6
1227.0,4.0,1,0,0,0,7.0,1,2
1328.0,4.0,0,1,0,0,14.0,6,6
684.0,4.0,1,0,0,0,7.0,10,6
589.0,4.0,1,0,0,0,7.0,8,6
2388.0,3.0,1,0,0,0,14.0,9,4
1497.0,3.0,1,0,0,0,7.0,9,4
2668.0,2.0,1,0,0,0,14.0,11,4
2285.0,3.0,1,0,0,0,14.0,9,4
918.0,2.0,1,0,0,0,7.0,10,4
1377.0,4.0,0,1,0,0,7.0,9,4
2588.0,3.0,1,0,0,0,14.0,8,3
998.0,2.0,1,0,0,0,7.0,7,3
922.0,3.0,1,0,0,0,7.0,9,3
499.0,6.0,1,0,0,0,7.0,3,6
324.0,3.0,1,0,0,0,7.0,1,6
1069.0,6.0,1,0,0,0,7.0,9,6
1114.0,4.0,1,0,0,0,10.0,1,6
609.0,3.0,1,0,0,0,7.0,7,6
419.0,2.0,1,0,0,0,7.0,3,6
1728.0,2.0,0,1,0,0,14.0,8,6
679.0,5.0,1,0,0,0,7.0,2,6
1618.0,4.0,1,0,0,0,14.0,6,6
599.0,3.0,1,0,0,0,14.0,0,6
1361.0,2.0,1,0,0,0,14.0,10,6
1235.0,3.0,1,0,0,0,7.0,3,2
814.0,6.0,0,1,0,0,7.0,9,6
1482.0,4.0,1,0,0,0,7.0,2,2
1254.0,4.0,1,0,0,0,7.0,7,6
1522.0,3.0,1,0,0,0,7.0,1,2
3762.0,4.0,1,0,0,0,14.0,8,4
1460.0,3.0,1,0,0,0,7.0,3,2
3135.0,3.0,1,0,0,0,14.0,9,4
3758.0,2.0,1,0,0,0,21.0,8,4
638.0,2.0,1,0,0,0,7.0,6,3
984.0,7.0,0,1,0,0,7.0,8,6
904.0,6.0,1,0,0,0,7.0,11,6
1313.0,2.0,1,0,0,0,14.0,10,6
2538.0,3.0,1,0,0,0,14.0,9,6
1039.0,3.0,1,0,0,0,7.0,8,6
459.0,5.0,1,0,0,0,7.0,7,6
449.0,2.0,0,1,0,0,7.0,6,6
1138.0,2.0,1,0,0,0,7.0,7,4
3732.0,4.0,1,0,0,0,14.0,8,4
1168.0,2.0,1,0,0,0,14.0,2,2
2007.0,4.0,1,0,0,0,7.0,1,2
2368.0,2.0,0,1,0,0,14.0,10,3
1782.0,4.0,1,0,0,0,7.0,4,3
5185.0,3.0,1,0,0,0,21.0,7,3
1298.0,2.0,1,0,0,0,7.0,3,3
2082.0,4.0,1,0,0,0,7.0,9,3
1485.0,3.0,1,0,0,0,7.0,2,3
2232.0,3.0,1,0,0,0,14.0,8,2
2368.0,2.0,1,0,0,0,10.0,1,3
648.0,2.0,1,0,0,0,7.0,7,2
2007.0,4.0,1,0,0,0,7.0,4,3
644.0,4.0,1,0,0,0,7.0,8,6
1648.0,2.0,1,0,0,0,7.0,3,3
1568.0,4.0,1,0,0,0,14.0,7,6
1910.0,3.0,1,0,0,0,7.0,2,3
814.0,6.0,1,0,0,0,7.0,8,6
2128.0,2.0,1,0,0,0,7.0,1,3
794.0,4.0,0,1,0,0,7.0,9,6
951.0,2.0,1,0,0,0,7.0,10,5
922.0,3.0,1,0,0,0,7.0,9,3
738.0,2.0,0,1,0,0,7.0,10,3
698.0,2.0,1,0,0,0,14.0,9,3
907.0,3.0,1,0,0,0,7.0,8,3
868.0,2.0,1,0,0,0,14.0,7,2
547.0,3.0,1,0,0,0,7.0,6,2
994.0,4.0,0,1,0,0,14.0,8,6
709.0,6.0,1,0,0,0,7.0,6,6
539.0,4.0,1,0,0,0,7.0,7,6
1818.0,2.0,1,0,0,0,14.0,8,6
549.0,4.0,1,0,0,0,7.0,3,6
549.0,6.0,1,0,0,0,7.0,3,6
1835.0,2.0,1,0,0,0,14.0,7,5
1098.0,5.0,1,0,0,0,14.0,4,6
2110.0,3.0,0,1,0,0,14.0,8,3
549.0,7.0,1,0,0,0,7.0,2,6
1060.0,3.0,1,0,0,0,7.0,9,3
559.0,6.0,1,0,0,0,7.0,1,6
972.0,4.0,1,0,0,0,7.0,8,2
1257.0,4.0,1,0,0,0,7.0,3,3
648.0,2.0,1,0,0,0,7.0,7,2
838.0,2.0,1,0,0,0,7.0,4,3
429.0,8.0,1,0,0,0,7.0,10,6
2935.0,3.0,1,0,0,0,14.0,2,3
1598.0,4.0,1,0,0,0,14.0,8,6
1782.0,4.0,1,0,0,0,7.0,2,3
629.0,6.0,1,0,0,0,7.0,9,6
604.0,2.0,1,0,0,0,14.0,1,3
2839.0,10.0,1,0,0,0,7.0,8,6
789.0,5.0,1,0,0,0,7.0,6,6
639.0,2.0,1,0,0,0,7.0,9,6
1044.0,4.0,0,1,0,0,7.0,9,6
1972.0,3.0,1,0,0,0,14.0,7,3
1797.0,3.0,1,0,0,0,7.0,8,4
1808.0,2.0,1,0,0,0,14.0,8,3
1438.0,2.0,1,0,0,0,7.0,9,4
798.0,2.0,1,0,0,0,7.0,9,3
2226.0,3.0,1,0,0,0,14.0,7,3
698.0,2.0,1,0,0,0,7.0,10,2
2472.0,4.0,1,0,0,0,14.0,9,3
2322.0,3.0,1,0,0,0,14.0,9,2
1047.0,3.0,1,0,0,0,7.0,8,3
897.0,4.0,1,0,0,0,7.0,8,2
1147.0,3.0,0,1,0,0,7.0,10,2
685.0,3.0,1,0,0,0,7.0,7,1
918.0,2.0,1,0,0,0,7.0,7,2
548.0,2.0,1,0,0,0,7.0,6,1
918.0,3.0,1,0,0,0,7.0,9,2
909.0,4.0,1,0,0,0,7.0,8,6
348.0,2.0,1,0,0,0,14.0,6,6
1472.0,3.0,1,0,0,0,7.0,3,3
838.0,2.0,1,0,0,0,14.0,4,3
579.0,3.0,1,0,0,0,7.0,7,6
1482.0,4.0,1,0,0,0,7.0,3,3
958.0,6.0,1,0,0,0,14.0,10,6
1235.0,3.0,1,0,0,0,7.0,2,3
1399.0,6.0,1,0,0,0,7.0,9,6
1338.0,2.0,1,0,0,0,7.0,1,3
2838.0,4.0,1,0,0,0,14.0,8,6
1257.0,4.0,1,0,0,0,7.0,3,3
489.0,6.0,1,0,0,0,7.0,10,6
1178.0,2.0,1,0,0,0,7.0,4,3
489.0,6.0,1,0,0,0,7.0,6,6
1257.0,4.0,1,0,0,0,7.0,3,3
968.0,6.0,1,0,0,0,14.0,5,6
1472.0,3.0,1,0,0,0,7.0,2,3
1389.0,4.0,1,0,0,0,7.0,8,6
1338.0,2.0,1,0,0,0,7.0,1,3
1729.0,5.0,1,0,0,0,7.0,8,6
2273.0,3.0,1,0,0,0,14.0,9,6
1828.0,2.0,1,0,0,0,14.0,8,2
719.0,3.0,1,0,0,0,7.0,9,6
429.0,4.0,1,0,0,0,7.0,7,6
1044.0,6.0,0,1,0,0,7.0,7,6
379.0,4.0,1,0,0,0,7.0,8,6
2198.0,3.0,1,0,0,0,14.0,10,6
569.0,6.0,1,0,0,0,7.0,9,6
1138.0,4.0,1,0,0,0,14.0,9,6
708.0,2.0,1,0,0,0,14.0,10,6
664.0,5.0,1,0,0,0,7.0,8,6
369.0,4.0,1,0,0,0,7.0,9,6
579.0,4.0,0,1,0,0,7.0,7,6
379.0,2.0,1,0,0,0,7.0,8,6
2108.0,4.0,1,0,0,0,14.0,9,6
678.0,2.0,1,0,0,0,7.0,7,4
669.0,6.0,1,0,0,0,7.0,8,6
847.0,3.0,1,0,0,0,7.0,6,4
719.0,4.0,1,0,0,0,7.0,9,6
1578.0,2.0,1,0,0,0,14.0,10,3
1227.0,4.0,1,0,0,0,7.0,9,3
1018.0,3.0,1,0,0,0,14.0,3,6
699.0,6.0,1,0,0,0,7.0,2,6
2399.0,2.0,0,0,0,1,14.0,10,4
774.0,8.0,1,0,0,0,7.0,4,6
2739.0,3.0,0,0,0,1,14.0,8,4
454.0,3.0,1,0,0,0,7.0,2,6
3628.0,4.0,0,0,0,1,21.0,9,3
459.0,3.0,1,0,0,0,14.0,3,6
1383.0,3.0,0,0,0,1,7.0,9,3
379.0,2.0,1,0,0,0,7.0,2,6
1718.0,2.0,0,0,0,1,14.0,7,3
774.0,6.0,1,0,0,0,7.0,3,6
1558.0,2.0,0,0,0,1,7.0,8,3
449.0,2.0,1,0,0,0,7.0,2,6
1658.0,4.0,0,0,0,1,7.0,9,2
484.0,2.0,1,0,0,0,7.0,3,6
2043.0,3.0,0,0,0,1,14.0,8,2
529.0,4.0,1,0,0,0,7.0,1,6
1598.0,2.0,0,0,0,1,14.0,7,2
1928.0,2.0,0,1,0,0,14.0,8,3
1618.0,2.0,0,1,0,0,7.0,10,2
3228.0,2.0,1,0,0,0,14.0,6,2
2372.0,3.0,1,0,0,0,14.0,8,3
1348.0,2.0,1,0,0,0,7.0,9,2
478.0,3.0,1,0,0,0,7.0,6,2
1348.0,3.0,1,0,0,0,7.0,8,2
898.0,2.0,1,0,0,0,14.0,7,2
398.0,2.0,1,0,0,0,7.0,7,1
1228.0,4.0,1,0,0,0,14.0,7,6
398.0,2.0,1,0,0,0,7.0,8,1
484.0,3.0,1,0,0,0,7.0,8,6
1248.0,4.0,1,0,0,0,14.0,9,6
1223.0,4.0,1,0,0,0,14.0,7,6
719.0,4.0,0,1,0,0,7.0,8,6
719.0,6.0,1,0,0,0,7.0,8,6
589.0,3.0,1,0,0,0,7.0,7,6
399.0,2.0,1,0,0,0,7.0,9,6
374.0,4.0,1,0,0,0,7.0,10,6
354.0,3.0,1,0,0,0,7.0,10,6
349.0,2.0,1,0,0,0,14.0,9,6
